"ticker";"2018";"2019";"2020";"2021";"2022";"2023"
"ABT";5126980000000;4153090000000;3194050000000;2248860000000;1191420000000;178480000000
"ABBV";5136330000000;4130940000000;3189170000000;2239370000000;1285800000000;261580000000
"ABMD";514640000000;47690000000;314650000000;216340000000;117180000000;17180000000
"ACN";593970000000;4133910000000;3173060000000;2261990000000;1168170000000;206900000000
"ATVI";535550000000;445670000000;371750000000;251810000000;159900000000;72410000000
"ADBE";5110320000000;4159080000000;3239910000000;2269350000000;1156450000000;256710000000
"AAP";511400000000;411080000000;310680000000;214950000000;18710000000;4020000000
"AES";59570000000;413210000000;315630000000;216200000000;119210000000;11970000000
"AFL";534410000000;438440000000;331230000000;238620000000;144730000000;45170000000
"A";521480000000;426460000000;336350000000;248210000000;144300000000;35710000000
"AIG";534150000000;444650000000;332610000000;247210000000;146980000000;42870000000
"AIV";56540000000;47680000000;3780000000;21170000000;11070000000;1130000000
"APD";535150000000;451850000000;360390000000;267440000000;168430000000;66200000000
"AKAM";59950000000;413990000000;317090000000;219010000000;113250000000;15980000000
"ALK";57490000000;48330000000;36430000000;26550000000;15440000000;5710000000
"ALB";58130000000;47740000000;315700000000;227340000000;125400000000;23490000000
"ARE";512790000000;419510000000;324040000000;235230000000;123900000000;20230000000
"ALXN";321750000000;223930000000;134170000000;40330000000;0;0
"ALGN";516700000000;421880000000;342140000000;251820000000;116470000000;28690000000
"ALLE";57540000000;411540000000;310710000000;211870000000;19240000000;10070000000
"AGN";244450000000;162810000000;63650000000;0;0;0
"LNT";59970000000;413400000000;312870000000;215380000000;113850000000;12580000000
"ALL";527430000000;435870000000;333420000000;233010000000;135960000000;29060000000
"GOOG";5723550000000;4921130000000;31185000000000;21917000000000;11145000000000;1717000000000
"MO";592550000000;492730000000;376190000000;286400000000;181920000000;78270000000
"AMZN";5737460000000;4920220000000;31634000000000;21691000000000;1856940000000;1425000000000
"AMCR";0;417370000000;318460000000;218410000000;117730000000;14160000000
"AMD";518550000000;453650000000;3110420000000;2173770000000;1104430000000;176830000000
"AEE";515940000000;418900000000;319290000000;222920000000;122980000000;20610000000
"AAL";514790000000;412280000000;39630000000;211630000000;18260000000;9590000000
"AEP";536860000000;446700000000;341330000000;244160000000;148790000000;39930000000
"AXP";580730000000;4100830000000;397350000000;2124490000000;1110400000000;117550000000
"AMT";569770000000;4101780000000;399700000000;2133200000000;198640000000;84270000000
"AWK";516400000000;422210000000;327810000000;234280000000;127710000000;26820000000
"AMP";514220000000;420640000000;322920000000;233450000000;133130000000;35120000000
"ABC";515700000000;417490000000;319960000000;227770000000;133480000000;36140000000
"AME";515370000000;422840000000;327820000000;234010000000;132080000000;37060000000
"AMGN";5122560000000;4142560000000;3133850000000;2126710000000;1140130000000;137310000000
"APH";524180000000;432240000000;339120000000;252300000000;145310000000;52820000000
"ADI";531770000000;443760000000;354580000000;292330000000;183530000000;90900000000
"ANSS";511950000000;422060000000;331240000000;234990000000;121040000000;27680000000
"AON";534900000000;448340000000;348290000000;266220000000;162080000000;67820000000
"AOS";57330000000;47730000000;38850000000;213660000000;18740000000;11070000000
"APA";59830000000;49620000000;35350000000;29760000000;115000000000;13910000000
"AAPL";5746070000000;41287000000000;32255000000000;22901000000000;12066000000000;2962000000000
"AMAT";531190000000;455870000000;378900000000;2139530000000;182200000000;128810000000
"APTV";516000000000;424240000000;335180000000;244620000000;125230000000;29550000000
"ACGL";510750000000;417390000000;314640000000;217160000000;123220000000;28720000000
"ADM";522900000000;425810000000;328040000000;237820000000;151000000000;42770000000
"ARNC";0;0;33250000000;23510000000;12140000000;3000000000
"ANET";515940000000;415530000000;321980000000;244170000000;137290000000;61090000000
"AJG";513560000000;417910000000;323790000000;235360000000;139750000000;49790000000
"AIZ";55530000000;47850000000;38000000000;28880000000;16600000000;7420000000
"ATO";510830000000;413670000000;312020000000;213900000000;115800000000;17140000000
"T";5207810000000;4283500000000;3204940000000;2175660000000;1131200000000;104730000000
"ADSK";528160000000;440360000000;367140000000;261850000000;140320000000;47030000000
"ADP";557190000000;473620000000;375550000000;2103660000000;199080000000;105390000000
"AZO";521130000000;428100000000;326970000000;243250000000;146270000000;46150000000
"AVB";524100000000;429490000000;322390000000;235290000000;122590000000;25750000000
"AVY";57610000000;410900000000;312930000000;217930000000;114650000000;15230000000
"BKR";522250000000;426330000000;321580000000;220930000000;129780000000;37420000000
"BALL";515410000000;420990000000;330520000000;230880000000;116050000000;17300000000
"BAC";5238250000000;4311200000000;3262200000000;2359380000000;1265700000000;230280000000
"BBWI";57060000000;45000000000;310340000000;217980000000;19620000000;8730000000
"BAX";533760000000;442320000000;340980000000;242970000000;125690000000;20560000000
"BDX";560620000000;473750000000;372770000000;271680000000;172280000000;80780000000
"BBY";514250000000;422720000000;325840000000;224440000000;117740000000;16420000000
"BIIB";559340000000;451690000000;337670000000;235240000000;139870000000;38690000000
"BIO";56900000000;411070000000;317340000000;222430000000;112440000000;11410000000
"TECH";55460000000;48400000000;312260000000;220320000000;113000000000;12450000000
"BLK";562210000000;478010000000;3110040000000;2138870000000;1106430000000;105430000000
"BK";545200000000;445330000000;337600000000;246700000000;136790000000;35370000000
"BA";5183060000000;4183370000000;3120840000000;2118560000000;1113520000000;134750000000
"BKNG";578590000000;485060000000;391210000000;298520000000;178170000000;115040000000
"BWA";57230000000;48950000000;39440000000;210800000000;19420000000;9700000000
"BXP";517380000000;421330000000;314710000000;218030000000;110590000000;10450000000
"BSX";548930000000;463070000000;350910000000;260530000000;166270000000;78510000000
"BMY";584410000000;4143010000000;3140170000000;2138390000000;1152970000000;129560000000
"AVGO";5103560000000;4125710000000;3178070000000;2274730000000;1233650000000;360070000000
"BR";511130000000;414180000000;317710000000;221350000000;115780000000;22170000000
"BRO";57700000000;411110000000;313460000000;219850000000;116130000000;21040000000
"CDNS";512170000000;419410000000;338050000000;251640000000;144060000000;66190000000
"CZR";54230000000;49270000000;315460000000;219990000000;18920000000;12000000000
"CPT";58200000000;410310000000;39730000000;218260000000;111910000000;11390000000
"CPB";59930000000;414900000000;314640000000;213110000000;116990000000;12180000000
"COF";535350000000;446980000000;345210000000;260050000000;135480000000;39470000000
"CPRI";55710000000;45680000000;36320000000;29760000000;17380000000;6120000000
"CAH";513290000000;414760000000;315710000000;214500000000;120150000000;21950000000
"KMX";510660000000;414320000000;315350000000;221050000000;19620000000;13220000000
"CCL";534310000000;434760000000;323910000000;222850000000;110470000000;20540000000
"CARR";0;0;332690000000;247000000000;134490000000;48530000000
"CTLT";54540000000;48240000000;317140000000;222910000000;18100000000;9040000000
"CAT";573130000000;481230000000;398880000000;2111830000000;1124660000000;147800000000
"CBOE";510910000000;413270000000;310060000000;213900000000;113310000000;15860000000
"CBRE";513480000000;420510000000;321030000000;236310000000;124310000000;26650000000
"CDW";511970000000;420420000000;318840000000;227790000000;124170000000;28570000000
"CE";511520000000;414710000000;315180000000;218290000000;111080000000;14030000000
"CNC";523770000000;426090000000;334800000000;248080000000;146430000000;33170000000
"CNP";514140000000;413690000000;311780000000;217550000000;118870000000;17450000000
"CDAY";54800000000;49800000000;315740000000;215800000000;19850000000;11370000000
"CERN";517000000000;422810000000;324060000000;227130000000;127910000000;27910000000
"CF";59690000000;410310000000;38280000000;215180000000;116710000000;15280000000
"CRL";55450000000;47470000000;312420000000;219010000000;111080000000;10740000000
"SCHW";555330000000;461140000000;399660000000;2158990000000;1155420000000;110170000000
"CHTR";564210000000;4101850000000;3132220000000;2112620000000;152780000000;63200000000
"CVX";5207000000000;4226820000000;3162560000000;2226210000000;1347060000000;313410000000
"CMG";511950000000;423230000000;338800000000;249180000000;138460000000;53480000000
"CHRW";511540000000;410540000000;312760000000;213990000000;110770000000;10280000000
"CB";559310000000;470350000000;369470000000;283260000000;191560000000;83490000000
"CHD";516230000000;417260000000;321670000000;225620000000;119650000000;23680000000
"CI";572340000000;476170000000;375200000000;276100000000;1101300000000;81880000000
"XEC";45900000000;35360000000;23820000000;18960000000;8960000000;0
"CINF";512600000000;417120000000;314050000000;218350000000;116090000000;16700000000
"CTAS";517560000000;427910000000;337100000000;245970000000;145880000000;51400000000
"CSCO";5194810000000;4203450000000;3189090000000;2267260000000;1195700000000;235700000000
"C";5123300000000;4168890000000;3128370000000;2119820000000;187600000000;80080000000
"CFG";513850000000;417580000000;315270000000;219940000000;119380000000;13520000000
"CTXS";513460000000;414420000000;316010000000;211790000000;113180000000;13180000000
"CLX";519740000000;419190000000;325450000000;221420000000;117310000000;19220000000
"CME";567120000000;471750000000;365350000000;282100000000;160490000000;72980000000
"CMS";514070000000;417840000000;317460000000;218840000000;118380000000;16150000000
"KO";5202080000000;4236890000000;3235670000000;2255750000000;1275080000000;256470000000
"CTSH";536620000000;433980000000;343810000000;246600000000;129390000000;36220000000
"CL";551360000000;458830000000;373290000000;271920000000;165800000000;60570000000
"CMCSA";5154100000000;4204740000000;3239740000000;2229950000000;1150850000000;188640000000
"CMA";510990000000;410190000000;37760000000;211360000000;18750000000;6410000000
"CAG";510370000000;416660000000;317710000000;216380000000;118540000000;14010000000
"CXO";320580000000;217310000000;111450000000;12870000000;0;0
"COP";570970000000;470540000000;342700000000;295200000000;1147030000000;146260000000
"ED";524540000000;430090000000;324200000000;230180000000;133820000000;30610000000
"STZ";530620000000;436340000000;342450000000;247040000000;142750000000;47560000000
"CEG";0;0;0;0;128190000000;34800000000
"COO";512520000000;415760000000;317840000000;220690000000;116320000000;18050000000
"CPRT";511180000000;421130000000;330040000000;235960000000;129000000000;43180000000
"GLW";523800000000;422180000000;327500000000;230900000000;127010000000;28020000000
"CTVA";0;422120000000;328840000000;234460000000;141990000000;36270000000
"CSGP";512290000000;421930000000;336430000000;231210000000;131420000000;33710000000
"COST";589730000000;4129840000000;3166890000000;2251730000000;1202610000000;241180000000
"CTRA";59440000000;46920000000;36490000000;215450000000;119370000000;21480000000
"COTY";54920000000;48550000000;35370000000;28590000000;17270000000;9860000000
"CCI";545080000000;459130000000;368650000000;290210000000;158730000000;43260000000
"CSX";550820000000;455930000000;369400000000;283390000000;165130000000;61450000000
"CMI";521110000000;426960000000;333610000000;231200000000;134160000000;33510000000
"CVS";584840000000;496720000000;389390000000;2136170000000;1122440000000;84340000000
"DHR";572330000000;4106740000000;3157800000000;2235100000000;1193210000000;196090000000
"DRI";512330000000;413240000000;315500000000;219240000000;116920000000;18800000000
"DVA";58560000000;49440000000;313140000000;211590000000;16720000000;9400000000
"DE";547710000000;454540000000;384300000000;2105670000000;1127870000000;122810000000
"DAL";533920000000;437580000000;325640000000;225010000000;121060000000;27570000000
"XRAY";58290000000;412520000000;311440000000;212190000000;16840000000;7930000000
"DVN";510120000000;49920000000;36040000000;229820000000;140200000000;33950000000
"DXCM";510780000000;420030000000;335500000000;252040000000;144440000000;9900000000
"FANG";515220000000;414760000000;37640000000;219530000000;124880000000;27710000000
"DLR";521990000000;425010000000;339080000000;250190000000;129460000000;40840000000
"DFS";519540000000;426300000000;327740000000;233280000000;126720000000;23010000000
"DISH";511660000000;418550000000;317010000000;217150000000;17450000000;3180000000
"DG";528410000000;439710000000;351520000000;254640000000;155050000000;28570000000
"DLTR";521490000000;422250000000;325410000000;231610000000;131280000000;26120000000
"D";548660000000;469400000000;361340000000;263620000000;151090000000;40060000000
"DPZ";510160000000;411430000000;315100000000;220510000000;112260000000;13720000000
"DOV";510280000000;416630000000;318190000000;226140000000;119000000000;20790000000
"DOW";0;440580000000;341160000000;241700000000;135460000000;38870000000
"DHI";512930000000;419320000000;325130000000;238620000000;130710000000;40650000000
"DTE";520060000000;424960000000;323500000000;223150000000;122770000000;21060000000
"DUK";562740000000;466850000000;367380000000;280700000000;179300000000;67760000000
"DRE";59290000000;412750000000;314860000000;224990000000;118730000000;18730000000
"DD";5121340000000;447410000000;352180000000;241850000000;134090000000;35790000000
"DXC";514340000000;49520000000;36550000000;28110000000;16090000000;4440000000
"EMN";510210000000;410770000000;313580000000;216250000000;19770000000;10190000000
"ETN";529080000000;439140000000;347880000000;268880000000;162410000000;93230000000
"EBAY";525680000000;428740000000;334630000000;241620000000;122500000000;24000000000
"ECL";542390000000;455650000000;361750000000;267220000000;141450000000;52070000000
"EIX";518490000000;427290000000;323770000000;225920000000;124290000000;26220000000
"EW";531810000000;448780000000;356850000000;280880000000;146120000000;46430000000
"EA";523750000000;431280000000;341620000000;237300000000;133730000000;32650000000
"ELV";567590000000;476390000000;378790000000;2112070000000;1123110000000;104240000000
"LLY";5122380000000;4125840000000;3161500000000;2264220000000;1347610000000;528860000000
"EMR";536790000000;446640000000;348170000000;255380000000;155930000000;56530000000
"ENPH";5500000000;43210000000;322160000000;224680000000;136010000000;17550000000
"ETR";516270000000;423850000000;319990000000;222640000000;123730000000;19940000000
"EOG";550580000000;448740000000;329090000000;251970000000;176070000000;76600000000
"EPAM";56270000000;411700000000;320060000000;237910000000;118840000000;14980000000
"EQT";54800000000;42780000000;33500000000;28240000000;112410000000;18180000000
"EFX";511230000000;416980000000;323450000000;235720000000;123790000000;25380000000
"EQIX";528450000000;449790000000;363630000000;276160000000;160610000000;72740000000
"EQR";524380000000;430070000000;322060000000;233930000000;123120000000;24250000000
"ESS";516150000000;419880000000;315480000000;222920000000;114200000000;15780000000
"EL";547070000000;474220000000;396250000000;2133250000000;188520000000;57830000000
"ETFC";210810000000;110100000000;10890000000;0;0;0
"ETSY";55690000000;45240000000;322430000000;227750000000;115050000000;9200000000
"EG";58850000000;411290000000;39350000000;210780000000;112970000000;15830000000
"EVRG";514490000000;414750000000;312590000000;215730000000;114440000000;12310000000
"ES";520610000000;428060000000;329650000000;231270000000;129200000000;22000000000
"EXC";543650000000;444350000000;341180000000;256500000000;142950000000;39790000000
"EXPE";516570000000;415420000000;318720000000;227380000000;113670000000;15700000000
"EXPD";511680000000;413230000000;316090000000;222740000000;116530000000;17210000000
"EXR";511500000000;413680000000;314970000000;230350000000;120680000000;28140000000
"XOM";5288920000000;4295440000000;3174280000000;2259380000000;1454240000000;452540000000
"FFIV";59730000000;48490000000;310830000000;214850000000;18660000000;9760000000
"FDS";57610000000;410170000000;312630000000;218360000000;115280000000;16610000000
"FAST";514940000000;421210000000;328030000000;236860000000;127100000000;32720000000
"FRT";58760000000;49720000000;36430000000;210600000000;18270000000;8050000000
"FDX";542110000000;439480000000;368810000000;268530000000;143710000000;65630000000
"FIS";533530000000;485400000000;387770000000;266460000000;140260000000;33580000000
"FITB";515210000000;421790000000;319650000000;229730000000;122410000000;18410000000
"FE";519220000000;426270000000;316600000000;223710000000;123970000000;20460000000
"FRC";514320000000;419800000000;325300000000;237020000000;122290000000;650000000
"FSLR";54450000000;45900000000;310480000000;29260000000;115960000000;19910000000
"FI";528840000000;478610000000;376120000000;268520000000;164180000000;74860000000
"FLT";515940000000;424550000000;322750000000;218170000000;113540000000;20180000000
"FLIR";35900000000;26990000000;15740000000;7560000000;0;0
"FLS";54960000000;46490000000;34800000000;23980000000;14000000000;5270000000
"FMC";59780000000;412880000000;314910000000;213920000000;115720000000;10730000000
"F";531140000000;437960000000;334970000000;283000000000;146750000000;48580000000
"FTNT";511950000000;418330000000;324110000000;258760000000;138190000000;47800000000
"FTV";522630000000;425660000000;323880000000;227350000000;122730000000;27810000000
"FOX";0;422450000000;317270000000;220360000000;116030000000;14670000000
"BEN";515170000000;412920000000;312640000000;216820000000;113190000000;13400000000
"FCX";514930000000;419030000000;337800000000;261270000000;154310000000;59480000000
"GPS";59730000000;46590000000;37550000000;26590000000;14110000000;4310000000
"GRMN";511990000000;418600000000;322880000000;226180000000;117680000000;20300000000
"IT";511460000000;413730000000;314300000000;227490000000;126560000000;27590000000
"GEN";512070000000;415900000000;312290000000;215120000000;113950000000;13080000000
"GNRC";53080000000;46290000000;314290000000;222200000000;16370000000;7400000000
"GD";545380000000;451070000000;342700000000;257870000000;168110000000;61800000000
"GE";565870000000;497520000000;394600000000;2103740000000;191550000000;124330000000
"GIS";523230000000;432390000000;335950000000;240640000000;149430000000;38500000000
"GM";546830000000;451240000000;359590000000;285120000000;147790000000;46140000000
"GPC";514010000000;415440000000;314490000000;219960000000;124490000000;21770000000
"GILD";580180000000;482260000000;373030000000;291050000000;1107670000000;95500000000
"GPN";516290000000;454800000000;364480000000;239220000000;126850000000;33620000000
"GL";58240000000;411330000000;39930000000;29460000000;111720000000;10560000000
"GS";561430000000;479860000000;390730000000;2127610000000;1116280000000;107930000000
"HAL";523150000000;421480000000;316700000000;220470000000;135730000000;35770000000
"HBI";54520000000;45380000000;35070000000;25830000000;12210000000;1830000000
"HOG";55440000000;45670000000;35620000000;25790000000;16080000000;4840000000
"HAS";510240000000;414450000000;312810000000;214040000000;18420000000;10090000000
"HCA";542670000000;450020000000;355640000000;279900000000;167840000000;77240000000
"PEAK";513330000000;417410000000;316270000000;219450000000;113470000000;11290000000
"HP";55240000000;44940000000;32490000000;22500000000;15220000000;4130000000
"HSIC";511880000000;49560000000;39540000000;210750000000;110820000000;9970000000
"HSY";522470000000;430690000000;331700000000;239850000000;147490000000;43720000000
"HES";511800000000;420370000000;316210000000;222920000000;143720000000;48260000000
"HPE";518470000000;420500000000;315320000000;220390000000;120450000000;23060000000
"HLT";521160000000;430940000000;330860000000;243470000000;134170000000;39480000000
"HFC";48790000000;38200000000;24180000000;15320000000;5930000000;0
"HOLX";511950000000;413770000000;318710000000;219280000000;118390000000;18480000000
"HD";5194070000000;4238210000000;3285960000000;2433360000000;1321920000000;333100000000
"HON";596390000000;4125860000000;3149240000000;2143540000000;1144070000000;125080000000
"HRL";522810000000;424120000000;325160000000;226480000000;124880000000;20970000000
"HST";512340000000;413230000000;310310000000;212410000000;111640000000;11410000000
"HWM";58140000000;413310000000;312370000000;213590000000;116300000000;20480000000
"HPQ";531780000000;429860000000;331710000000;240780000000;126390000000;29940000000
"HRB";55210000000;44580000000;32900000000;24130000000;15670000000;5890000000
"HUM";538830000000;448410000000;354290000000;259620000000;164840000000;57550000000
"HBAN";512470000000;415380000000;312910000000;222160000000;120340000000;16240000000
"HII";57970000000;410230000000;36900000000;27480000000;19200000000;8810000000
"IBM";5101440000000;4118900000000;3112160000000;2119860000000;1126280000000;134770000000
"IEX";59580000000;413080000000;315080000000;217960000000;117220000000;17250000000
"IDXX";516010000000;422310000000;342630000000;255830000000;133780000000;42440000000
"IFF";514310000000;413770000000;311630000000;238340000000;126730000000;17930000000
"INFO";419060000000;329600000000;237880000000;153040000000;43340000000;0
"ITW";541560000000;457440000000;364530000000;277460000000;167670000000;74800000000
"ILMN";544080000000;448760000000;354020000000;259460000000;131800000000;26660000000
"INCY";513560000000;418870000000;319040000000;216210000000;117860000000;14490000000
"IR";54050000000;47520000000;319020000000;225210000000;121150000000;28280000000
"INTC";5211930000000;4256750000000;3204160000000;2209600000000;1109070000000;153320000000
"ICE";542860000000;451270000000;364710000000;277050000000;157300000000;65560000000
"IP";516160000000;418050000000;319540000000;218190000000;112310000000;12170000000
"INTU";551080000000;468180000000;3104090000000;2182130000000;1109340000000;153920000000
"ISRG";554830000000;468570000000;396170000000;2128350000000;193770000000;109060000000
"IVZ";56640000000;48150000000;38000000000;210610000000;18180000000;7190000000
"INVH";510450000000;416230000000;316640000000;227050000000;118190000000;21000000000
"IPG";57910000000;48930000000;39170000000;214740000000;112940000000;12540000000
"IPGP";55990000000;47680000000;311920000000;29170000000;14610000000;5120000000
"IQV";522940000000;429710000000;334350000000;253890000000;138050000000;41070000000
"IRM";59270000000;49150000000;38490000000;215150000000;114490000000;18560000000
"JKHY";59760000000;411170000000;312360000000;212360000000;112800000000;11520000000
"J";58200000000;411940000000;314160000000;218020000000;115200000000;17040000000
"JBHT";510110000000;412400000000;314440000000;221480000000;118050000000;19810000000
"SJM";510630000000;411870000000;313180000000;214710000000;116890000000;14550000000
"JNJ";5343570000000;4384000000000;3414300000000;2450350000000;1461840000000;386430000000
"JCI";527060000000;431100000000;333720000000;257260000000;143940000000;41010000000
"JPM";5319780000000;4429910000000;3387330000000;2466190000000;1393340000000;426670000000
"JNPR";59320000000;48270000000;37420000000;211490000000;110370000000;9410000000
"KSU";49630000000;314720000000;219100000000;126710000000;26710000000;0
"K";519600000000;423620000000;321380000000;221970000000;124310000000;20520000000
"KDP";536040000000;440720000000;345030000000;252260000000;150500000000;46870000000
"KEY";515060000000;419770000000;316020000000;221480000000;116250000000;10810000000
"KEYS";511650000000;420010000000;324580000000;237800000000;130580000000;23770000000
"KMB";539300000000;446970000000;345860000000;248130000000;145810000000;43100000000
"KIM";56170000000;48940000000;36490000000;215190000000;113090000000;11700000000
"KMI";534790000000;447940000000;330940000000;235960000000;140630000000;38190000000
"KLAC";513540000000;427940000000;339990000000;264880000000;153430000000;69310000000
"KSS";510950000000;47970000000;36410000000;26870000000;12780000000;2920000000
"KHC";552500000000;439230000000;342370000000;243940000000;149860000000;40010000000
"KR";521930000000;423200000000;324180000000;233270000000;131910000000;33000000000
"LHX";515850000000;443740000000;339710000000;241840000000;139640000000;33520000000
"LH";512490000000;416440000000;319820000000;230060000000;120860000000;18300000000
"LW";510770000000;412560000000;311520000000;29200000000;112850000000;14180000000
"LRCX";520960000000;441650000000;368010000000;2100870000000;157320000000;93010000000
"LVS";540330000000;452740000000;345520000000;228750000000;136730000000;41990000000
"LEG";54670000000;46690000000;35870000000;25480000000;14270000000;3760000000
"LDOS";57690000000;413850000000;314960000000;212470000000;114370000000;13570000000
"LEN";512390000000;417200000000;323270000000;233940000000;125770000000;34280000000
"LNC";510560000000;411600000000;39720000000;212330000000;15190000000;4440000000
"LIN";585390000000;4113760000000;3138300000000;2177560000000;1160660000000;189760000000
"LYV";510340000000;415270000000;315680000000;226880000000;116100000000;19340000000
"LKQ";57500000000;410950000000;310720000000;217490000000;114260000000;14140000000
"LMT";573570000000;4109410000000;399310000000;296310000000;1127490000000;112860000000
"L";514200000000;415270000000;312370000000;214650000000;113840000000;14190000000
"LOW";574160000000;491790000000;3117600000000;2174150000000;1120480000000;135320000000
"LUMN";516360000000;414390000000;310690000000;212840000000;15400000000;1590000000
"LYB";531240000000;431500000000;330600000000;230690000000;127030000000;32730000000
"M";59150000000;45250000000;33490000000;27830000000;15590000000;3310000000
"MRO";511740000000;410800000000;35260000000;212780000000;117190000000;16740000000
"MPC";540120000000;439100000000;326910000000;239390000000;154540000000;58360000000
"MKTX";57950000000;414380000000;321660000000;215630000000;110490000000;8990000000
"MAR";537030000000;449500000000;342780000000;253810000000;147120000000;62430000000
"MMC";540180000000;456100000000;359340000000;287600000000;182070000000;96700000000
"MLM";510740000000;417440000000;317680000000;227480000000;120980000000;28260000000
"MAS";58590000000;413220000000;314370000000;217130000000;110520000000;13430000000
"MA";5194490000000;4300680000000;3355840000000;2352070000000;1334320000000;391550000000
"MTCH";515330000000;421090000000;340210000000;237430000000;111580000000;12930000000
"MXIM";313920000000;216590000000;123690000000;27690000000;0;0
"MKC";518390000000;422570000000;325500000000;225820000000;122220000000;21590000000
"MCD";5136210000000;4147470000000;3159880000000;2200310000000;1193010000000;205110000000
"MCK";521190000000;424470000000;327920000000;237230000000;153180000000;55870000000
"MDT";5122160000000;4152060000000;3157670000000;2139090000000;1103380000000;109320000000
"MRK";5198090000000;4230920000000;3206950000000;2193580000000;1281300000000;278720000000
"META";5374130000000;4585370000000;3778230000000;2921930000000;1319880000000;762630000000
"MET";539360000000;446650000000;342250000000;252560000000;156780000000;48350000000
"MTD";514090000000;419130000000;327110000000;239010000000;132220000000;26720000000
"MGM";512790000000;416730000000;315560000000;221040000000;112870000000;16130000000
"MCHP";517040000000;425080000000;337130000000;248300000000;138630000000;44790000000
"MU";535570000000;459740000000;383960000000;2104320000000;154530000000;77090000000
"MSFT";5780360000000;41200000000000;31681000000000;22522000000000;11787000000000;2441000000000
"MAA";510890000000;415060000000;314480000000;226410000000;118630000000;17280000000
"MRNA";55020000000;46580000000;341330000000;2102970000000;169000000000;42900000000
"MHK";58450000000;49760000000;310030000000;212330000000;16490000000;6480000000
"MOH";57200000000;48410000000;312610000000;218570000000;119280000000;18090000000
"TAP";512150000000;411680000000;39830000000;210080000000;111210000000;13620000000
"MDLZ";558080000000;479040000000;383620000000;292500000000;191010000000;94800000000
"MPWR";54940000000;47760000000;316510000000;222730000000;116590000000;25070000000
"MNST";526750000000;434100000000;348820000000;250810000000;153010000000;59230000000
"MCO";526790000000;444550000000;354500000000;272600000000;151040000000;62250000000
"MS";567390000000;481480000000;3123980000000;2173930000000;1143690000000;142250000000
"MSI";518800000000;427470000000;328820000000;245880000000;143080000000;47570000000
"MSCI";512400000000;421890000000;337010000000;250480000000;137190000000;42810000000
"MTB";519820000000;422160000000;316330000000;219760000000;125030000000;20860000000
"NDAQ";513470000000;417680000000;321770000000;235110000000;130140000000;25510000000
"NOV";59850000000;49660000000;35330000000;25290000000;18200000000;8500000000
"NTAP";515030000000;414200000000;314790000000;220440000000;112940000000;16350000000
"NFLX";5116850000000;4141980000000;3238890000000;2267460000000;1131220000000;194930000000
"NWL";57850000000;48130000000;39000000000;29290000000;15400000000;4430000000
"NEM";518460000000;435100000000;348110000000;249450000000;137460000000;31240000000
"NWS";56670000000;48390000000;310570000000;212050000000;110520000000;12250000000
"NEE";583080000000;4118410000000;3151140000000;2183180000000;1166120000000;135320000000
"NLSN";58280000000;47220000000;37460000000;27360000000;110060000000;10060000000
"NKE";5116910000000;4157940000000;3223020000000;2263550000000;1183070000000;156600000000
"NI";59430000000;410630000000;38790000000;210840000000;111130000000;10970000000
"NBL";38960000000;211880000000;14100000000;4100000000;0;0
"NDSN";56910000000;49390000000;311670000000;214850000000;113580000000;13990000000
"JWN";57790000000;46350000000;34920000000;23600000000;12580000000;2590000000
"NSC";540090000000;450060000000;360340000000;271490000000;157040000000;46850000000
"NTRS";518300000000;422270000000;319380000000;224850000000;118440000000;15990000000
"NOC";541780000000;457730000000;350800000000;260490000000;183970000000;65900000000
"NCLH";59220000000;412440000000;38020000000;28640000000;15150000000;6970000000
"NRG";511230000000;49890000000;39170000000;210540000000;17330000000;8800000000
"NUE";515830000000;416980000000;316050000000;231040000000;133810000000;42920000000
"NVDA";581430000000;4144000000000;3323240000000;2735270000000;1364180000000;1198000000000
"NVR";58710000000;413830000000;315170000000;220370000000;114740000000;21240000000
"NXPI";521450000000;435810000000;344480000000;260570000000;140950000000;54120000000
"OXY";545990000000;436840000000;316110000000;227070000000;157250000000;57570000000
"ODFL";510030000000;415120000000;322900000000;241210000000;131350000000;47620000000
"OMC";516390000000;417580000000;313400000000;215570000000;116630000000;15840000000
"OKE";522200000000;431260000000;317050000000;226200000000;129360000000;29340000000
"ON";56830000000;410020000000;313450000000;229260000000;126970000000;42920000000
"ORCL";5162030000000;4169940000000;3190440000000;2232880000000;1220390000000;328230000000
"ORLY";527210000000;433140000000;332780000000;247580000000;152810000000;57090000000
"OGN";0;0;0;27720000000;17100000000;5650000000
"OTIS";0;0;329260000000;236980000000;132620000000;35480000000
"PCAR";519800000000;427390000000;329890000000;230650000000;134410000000;43660000000
"PCG";512350000000;45750000000;324720000000;227310000000;134510000000;41170000000
"PKG";57880000000;410600000000;313070000000;212930000000;111830000000;13440000000
"PARA";516310000000;425960000000;323010000000;219680000000;111070000000;9000000000
"PH";519290000000;426410000000;335080000000;240880000000;137360000000;54250000000
"PAYX";523390000000;430480000000;333600000000;249240000000;141650000000;44130000000
"PAYC";57010000000;415260000000;326060000000;224920000000;118620000000;17140000000
"PYPL";598720000000;4126880000000;3274410000000;2220260000000;181190000000;70920000000
"PENN";52190000000;42960000000;313410000000;28780000000;14600000000;3630000000
"PNR";56470000000;47710000000;38810000000;212080000000;17390000000;11710000000
"PEP";5155660000000;4190100000000;3204940000000;2240180000000;1248890000000;241340000000
"PRGO";55260000000;47030000000;36100000000;25200000000;14580000000;4890000000
"PFE";5249540000000;4216820000000;3204600000000;2331430000000;1287620000000;202010000000
"PM";5103780000000;4132390000000;3128930000000;2147890000000;1156890000000;148520000000
"PSX";539290000000;449130000000;330540000000;231750000000;149190000000;52170000000
"PVH";57030000000;47670000000;36670000000;27460000000;14470000000;5230000000
"PNW";59550000000;410110000000;39000000000;27960000000;18600000000;8600000000
"PXD";522290000000;425050000000;318720000000;244400000000;154260000000;56480000000
"PNC";553420000000;469110000000;363130000000;284210000000;163700000000;48670000000
"POOL";55870000000;48510000000;314950000000;222680000000;111800000000;14370000000
"PPG";524110000000;431460000000;334060000000;240930000000;129550000000;33440000000
"PPL";520400000000;427520000000;321680000000;222560000000;121510000000;18250000000
"PFG";512340000000;415210000000;313620000000;219170000000;120530000000;18980000000
"PG";5229940000000;4308430000000;3345010000000;2392110000000;1359150000000;364220000000
"PGR";535180000000;442310000000;357870000000;259980000000;175880000000;79260000000
"PLD";536970000000;456310000000;373670000000;2124470000000;1104050000000;115100000000
"PRU";533490000000;437380000000;330910000000;240910000000;136600000000;35070000000
"PEG";526230000000;429760000000;329490000000;233740000000;130570000000;30190000000
"PTC";59830000000;48640000000;313950000000;214280000000;114180000000;17430000000
"PSA";535240000000;437140000000;340370000000;265680000000;149340000000;48620000000
"PHM";57200000000;410480000000;311560000000;214470000000;110370000000;18130000000
"QRVO";57460000000;413450000000;318960000000;217230000000;19180000000;10610000000
"QCOM";568860000000;4100840000000;3172290000000;2205720000000;1123240000000;128760000000
"PWR";54240000000;45790000000;310000000000;216330000000;120360000000;30820000000
"DGX";511240000000;414200000000;316060000000;221220000000;117810000000;14640000000
"RL";58130000000;48630000000;37580000000;28750000000;16970000000;7720000000
"RJF";510460000000;412420000000;313100000000;220830000000;122970000000;22220000000
"RTN";243240000000;161170000000;32560000000;0;0;0
"RTX";591730000000;4129440000000;3108600000000;2128810000000;1148350000000;125580000000
"O";519140000000;424560000000;321820000000;240500000000;139780000000;39830000000
"REG";59820000000;410540000000;37730000000;212900000000;110740000000;11360000000
"REGN";540710000000;441400000000;351550000000;267910000000;178570000000;90280000000
"RF";513710000000;416420000000;315480000000;220530000000;120140000000;17410000000
"RSG";523240000000;428570000000;330690000000;244210000000;140760000000;45840000000
"RMD";516310000000;422400000000;330800000000;238080000000;130480000000;24080000000
"RHI";56810000000;47260000000;37120000000;212410000000;18010000000;8080000000
"ROK";517980000000;423540000000;329130000000;240530000000;129550000000;36070000000
"ROL";511810000000;410850000000;319200000000;216830000000;117990000000;19400000000
"ROP";527550000000;436870000000;345200000000;251880000000;145820000000;53300000000
"ROST";530830000000;441780000000;343770000000;240370000000;139970000000;41450000000
"RCL";520430000000;427870000000;316750000000;219590000000;112610000000;25020000000
"CRM";5104780000000;4144260000000;3204220000000;2250310000000;1132580000000;215770000000
"SBAC";518200000000;426930000000;331320000000;242310000000;130260000000;24020000000
"SLB";549890000000;455650000000;330380000000;242030000000;175800000000;85440000000
"STX";510920000000;415630000000;315970000000;224790000000;110860000000;15280000000
"SEE";55420000000;46150000000;37100000000;29990000000;17210000000;5400000000
"SRE";529640000000;444230000000;336750000000;242240000000;148570000000;44080000000
"NOW";532080000000;453480000000;3107380000000;2129170000000;178430000000;120530000000
"SHW";536630000000;453770000000;366740000000;292330000000;161500000000;70660000000
"SBNY";55650000000;47310000000;37240000000;219610000000;17250000000;3460000
"SPG";551910000000;447730000000;327980000000;252500000000;143960000000;43020000000
"SWKS";511660000000;420610000000;325390000000;225650000000;114590000000;17480000000
"SLG";56610000000;47270000000;34320000000;24590000000;12170000000;2530000000
"SNA";58070000000;49250000000;39270000000;211530000000;112140000000;14310000000
"SEDG";51610000000;44640000000;316340000000;214730000000;115830000000;9150000000
"SO";545400000000;467070000000;364880000000;272680000000;177740000000;73300000000
"LUV";525680000000;428010000000;327510000000;225350000000;119990000000;18710000000
"SPGI";542310000000;466620000000;379090000000;2113730000000;1109120000000;125440000000
"SWK";518110000000;425440000000;328600000000;230750000000;111110000000;14470000000
"SBUX";580060000000;4103260000000;3125560000000;2137220000000;1113860000000;112240000000
"STT";523960000000;428260000000;325670000000;234030000000;128460000000;22250000000
"STLD";56760000000;47300000000;37750000000;212310000000;117150000000;17770000000
"STE";59030000000;412920000000;316170000000;224340000000;118430000000;22800000000
"SYK";558680000000;478620000000;392080000000;2100880000000;192520000000;108020000000
"SIVB";59980000000;412960000000;320080000000;239840000000;113600000000;6270000000
"SYF";516860000000;422170000000;320260000000;224430000000;114800000000;13650000000
"SNPS";512590000000;420950000000;339670000000;256540000000;148660000000;70040000000
"SYY";532170000000;443520000000;337820000000;240260000000;138740000000;35490000000
"TTWO";511640000000;413870000000;323910000000;220490000000;117470000000;24080000000
"TPR";59780000000;47440000000;38620000000;211170000000;19170000000;7660000000
"TRGP";58340000000;49500000000;36040000000;211960000000;116630000000;19580000000
"TGT";534480000000;464960000000;388400000000;2110880000000;168600000000;57940000000
"FTI";59090000000;49470000000;34270000000;22660000000;15440000000;8560000000
"TEL";525660000000;432050000000;340040000000;252620000000;136410000000;41830000000
"TDY";57470000000;412660000000;314450000000;220380000000;118740000000;19790000000
"TFX";511890000000;417440000000;319160000000;215380000000;111700000000;10030000000
"TER";55500000000;411340000000;319900000000;226650000000;113600000000;16700000000
"TSLA";557440000000;475710000000;3668900000000;21061000000000;1388970000000;777650000000
"TXN";589310000000;4119570000000;3150660000000;2174140000000;1149940000000;154190000000
"TXT";510830000000;410180000000;311060000000;217010000000;114780000000;15490000000
"HIG";515960000000;421850000000;317550000000;223490000000;124120000000;22150000000
"MOS";511250000000;48190000000;38720000000;214550000000;114930000000;13240000000
"TMO";589990000000;4129530000000;3184600000000;2262920000000;1215970000000;215050000000
"TRV";531560000000;434990000000;335550000000;237730000000;143930000000;37150000000
"TIF";39810000000;216030000000;116040000000;16040000000;0;0
"TJX";555170000000;473460000000;381990000000;290560000000;191970000000;105980000000
"TMUS";554070000000;467190000000;3167370000000;2144860000000;1174180000000;161560000000
"TSCO";510160000000;411040000000;316370000000;227150000000;124850000000;23990000000
"TT";522060000000;431670000000;334850000000;247990000000;138710000000;46870000000
"TDG";517970000000;430030000000;333680000000;235150000000;134230000000;50280000000
"TRMB";58250000000;410380000000;316700000000;221880000000;112460000000;13670000000
"TROW";521970000000;428650000000;334270000000;245060000000;124370000000;25320000000
"TFC";533060000000;475590000000;364610000000;277740000000;157090000000;41150000000
"TWTR";521960000000;424980000000;343060000000;234550000000;138170000000;41090000000
"TYL";57110000000;411790000000;317600000000;222040000000;113420000000;16690000000
"TSN";519500000000;433230000000;323500000000;231640000000;122270000000;18690000000
"UDR";510910000000;413750000000;311310000000;218540000000;121130000000;14010000000
"ULTA";514520000000;414460000000;316170000000;222310000000;123860000000;20470000000
"UA";57580000000;49200000000;37270000000;29290000000;14290000000;3310000000
"UNP";5100220000000;4125120000000;3140310000000;2161950000000;1127300000000;134700000000
"UAL";522590000000;422120000000;312650000000;214170000000;112320000000;16300000000
"UNH";5239150000000;4278690000000;3332730000000;2472940000000;1495370000000;443390000000
"URI";58180000000;412400000000;316720000000;224060000000;124630000000;33530000000
"UHS";510640000000;412430000000;311680000000;210420000000;110060000000;9330000000
"UNM";56300000000;45910000000;34670000000;24970000000;18160000000;9750000000
"UPS";583680000000;4100320000000;3145560000000;2186290000000;1150350000000;143540000000
"USB";573500000000;490960000000;370180000000;283350000000;166730000000;57710000000
"VLO";531300000000;438330000000;323060000000;230700000000;148900000000;47170000000
"VAR";310330000000;212910000000;115980000000;16260000000;0;0
"VTR";520890000000;421520000000;318360000000;220400000000;118000000000;17330000000
"VRSN";517800000000;422480000000;324690000000;228190000000;121770000000;21150000000
"VRSK";517870000000;424360000000;333750000000;236860000000;127580000000;35210000000
"VZ";5232300000000;4253930000000;3243110000000;2218110000000;1165470000000;146550000000
"VRTX";542280000000;456700000000;361450000000;255880000000;174120000000;90610000000
"VFC";528210000000;439310000000;333310000000;228750000000;110720000000;7950000000
"VTRS";514130000000;410370000000;322610000000;216360000000;113490000000;12940000000
"VICI";57600000000;411770000000;313680000000;218930000000;131200000000;31400000000
"V";5299350000000;4416790000000;3482170000000;2469420000000;1439950000000;516010000000
"VNT";0;0;35620000000;25190000000;13050000000;4950000000
"VNO";511810000000;412700000000;37140000000;28020000000;14280000000;5080000000
"VMC";513010000000;419060000000;319650000000;227540000000;123270000000;29610000000
"WAB";56780000000;414910000000;313930000000;217200000000;118150000000;20320000000
"WBA";564460000000;452230000000;334450000000;245020000000;132210000000;20220000000
"WMT";5270620000000;4337160000000;3407840000000;2401350000000;1382370000000;435080000000
"DIS";5164470000000;4257580000000;3328020000000;2281530000000;1158430000000;149380000000
"WBD";0;0;0;0;122810000000;27820000000
"WM";537730000000;448350000000;349830000000;269810000000;164390000000;63590000000
"WAT";513790000000;414620000000;315350000000;222740000000;120350000000;16600000000
"WEC";521850000000;429090000000;329020000000;230610000000;129570000000;26210000000
"WFC";5211100000000;4222430000000;3124770000000;2186440000000;1157330000000;152380000000
"WELL";526630000000;433550000000;326960000000;237330000000;130970000000;42860000000
"WDC";510750000000;418870000000;316850000000;220320000000;110020000000;14790000000
"WU";57520000000;411190000000;39010000000;27170000000;15310000000;4670000000
"WST";57260000000;411130000000;320940000000;234740000000;117420000000;30110000000
"WRK";59630000000;411080000000;311450000000;211670000000;18940000000;8410000000
"WY";516310000000;422500000000;325020000000;230770000000;122810000000;23930000000
"WHR";56830000000;49290000000;311280000000;213840000000;17700000000;7780000000
"WMB";526680000000;428740000000;324330000000;231630000000;140080000000;42190000000
"WTW";519570000000;425980000000;327150000000;229590000000;126470000000;21780000000
"WRB";59010000000;412670000000;311830000000;214560000000;119260000000;16070000000
"GWW";515770000000;418170000000;321910000000;226690000000;128100000000;35530000000
"WYNN";510600000000;414900000000;312170000000;29830000000;19340000000;11580000000
"XEL";525320000000;433300000000;335820000000;236820000000;138360000000;31160000000
"XRX";54530000000;47830000000;34600000000;23600000000;12270000000;2580000000
"XLNX";421550000000;324320000000;234750000000;152550000000;48410000000;0
"XYL";511980000000;414190000000;318340000000;221620000000;119920000000;24700000000
"YUM";528120000000;430210000000;332740000000;240700000000;136070000000;36320000000
"ZBRA";58570000000;413790000000;320490000000;231800000000;113230000000;14160000000
"ZBH";521150000000;430830000000;331930000000;226530000000;126750000000;24960000000
"ZION";57640000000;48560000000;37120000000;29570000000;17350000000;5390000000
"ZTS";541020000000;462930000000;378650000000;2115450000000;168300000000;88620000000
"MMM";5109860000000;4101470000000;3100820000000;2101570000000;166280000000;59030000000
