ticker,url
MMM,https://companiesmarketcap.com/3m/marketcap/
ABT,https://companiesmarketcap.com/abbott-laboratories/marketcap/
ABBV,https://companiesmarketcap.com/abbvie/marketcap/
ABMD,https://companiesmarketcap.com/abiomed/marketcap/
ACN,https://companiesmarketcap.com/accenture/marketcap/
ATVI,https://companiesmarketcap.com/activision-blizzard/marketcap/
ADBE,https://companiesmarketcap.com/adobe/marketcap/
AAP,https://companiesmarketcap.com/advance-auto-parts/marketcap/
AES,https://companiesmarketcap.com/aes/marketcap/
AFL,https://companiesmarketcap.com/aflac/marketcap/
A,https://companiesmarketcap.com/agilent-technologies/marketcap/
AIG,https://companiesmarketcap.com/aig/marketcap/
AIV,https://companiesmarketcap.com/aimco/marketcap/
APD,https://companiesmarketcap.com/air-products-and-chemicals/marketcap/
AKAM,https://companiesmarketcap.com/akamai/marketcap/
ALK,https://companiesmarketcap.com/alaska-airlines/marketcap/
ALB,https://companiesmarketcap.com/albemarle/marketcap/
ARE,https://companiesmarketcap.com/alexandria-real-estate/marketcap/
ALXN,https://companiesmarketcap.com/alexion-pharmaceuticals/marketcap/
ALGN,https://companiesmarketcap.com/align-technology/marketcap/
ALLE,https://companiesmarketcap.com/allegion/marketcap/
AGN,https://companiesmarketcap.com/allergan/marketcap/
ADS,https://companiesmarketcap.com/alliance-data/marketcap/
LNT,https://companiesmarketcap.com/alliant-energy/marketcap/
ALL,https://companiesmarketcap.com/allstate/marketcap/
GOOG,https://companiesmarketcap.com/alphabet-google/marketcap/
MO,https://companiesmarketcap.com/altria-group/marketcap/
AMZN,https://companiesmarketcap.com/amazon/marketcap/
MBC,https://companiesmarketcap.com/ambac/marketcap/
AMCR,https://companiesmarketcap.com/amcor/marketcap/
AMD,https://companiesmarketcap.com/amd/marketcap/
AEE,https://companiesmarketcap.com/ameren/marketcap/
AAL,https://companiesmarketcap.com/american-airlines/marketcap/
AEP,https://companiesmarketcap.com/american-electric-power/marketcap/
AXP,https://companiesmarketcap.com/american-express/marketcap/
AMT,https://companiesmarketcap.com/american-tower/marketcap/
AWK,https://companiesmarketcap.com/american-water-works/marketcap/
AMP,https://companiesmarketcap.com/ameriprise-financial/marketcap/
ABC,https://companiesmarketcap.com/amerisource-bergen/marketcap/
AME,https://companiesmarketcap.com/ametek/marketcap/
AMGN,https://companiesmarketcap.com/amgen/marketcap/
APH,https://companiesmarketcap.com/amphenol/marketcap/
ADI,https://companiesmarketcap.com/analog-devices/marketcap/
ANSS,https://companiesmarketcap.com/ansys/marketcap/
AON,https://companiesmarketcap.com/aon/marketcap/
AOS,https://companiesmarketcap.com/ao-smith/marketcap/
APA,https://companiesmarketcap.com/apache-corporation/marketcap/
AAPL,https://companiesmarketcap.com/apple/marketcap/
AMAT,https://companiesmarketcap.com/applied-materials/marketcap/
APTV,https://companiesmarketcap.com/aptiv/marketcap/
ACGL,https://companiesmarketcap.com/arch-capital/marketcap/
ADM,https://companiesmarketcap.com/archer-daniels-midland/marketcap/
ARNC,https://companiesmarketcap.com/arconic/marketcap/
ANET,https://companiesmarketcap.com/arista-networks/marketcap/
AJG,https://companiesmarketcap.com/arthur-gallagher/marketcap/
AIZ,https://companiesmarketcap.com/assurant/marketcap/
ATO,https://companiesmarketcap.com/atmos-energy/marketcap/
T,https://companiesmarketcap.com/att/marketcap/
ADSK,https://companiesmarketcap.com/autodesk/marketcap/
ADP,https://companiesmarketcap.com/automatic-data-processing/marketcap/
AZO,https://companiesmarketcap.com/autozone/marketcap/
AVB,https://companiesmarketcap.com/avalonbay-communities/marketcap/
AVY,https://companiesmarketcap.com/avery-dennison/marketcap/
BKR,https://companiesmarketcap.com/baker-hughes/marketcap/
BALL,https://companiesmarketcap.com/ball-corporation/marketcap/
BAC,https://companiesmarketcap.com/bank-of-america/marketcap/
BBWI,https://companiesmarketcap.com/bath-body-works/marketcap/
BAX,https://companiesmarketcap.com/baxter/marketcap/
BDX,https://companiesmarketcap.com/becton-dickinson/marketcap/
BBY,https://companiesmarketcap.com/best-buy/marketcap/
BIIB,https://companiesmarketcap.com/biogen/marketcap/
BIO,https://companiesmarketcap.com/bio-rad-laboratories/marketcap/
TECH,https://companiesmarketcap.com/bio-techne/marketcap/
BLK,https://companiesmarketcap.com/blackrock/marketcap/
BK,https://companiesmarketcap.com/bny-mellon/marketcap/
BA,https://companiesmarketcap.com/boeing/marketcap/
BKNG,https://companiesmarketcap.com/booking-holdings/marketcap/
BWA,https://companiesmarketcap.com/borgwarner/marketcap/
BXP,https://companiesmarketcap.com/boston-properties/marketcap/
BSX,https://companiesmarketcap.com/boston-scientific/marketcap/
BMY,https://companiesmarketcap.com/bristol-myers-squibb/marketcap/
AVGO,https://companiesmarketcap.com/broadcom/marketcap/
BR,https://companiesmarketcap.com/broadridge-financial-solutions/marketcap/
BRO,https://companiesmarketcap.com/brown-and-brown/marketcap/
CDNS,https://companiesmarketcap.com/cadence-design-systems/marketcap/
CZR,https://companiesmarketcap.com/caesars-entertainment/marketcap/
CPT,https://companiesmarketcap.com/camden-property-trust/marketcap/
CPB,https://companiesmarketcap.com/campbell-soup/marketcap/
COF,https://companiesmarketcap.com/capital-one/marketcap/
CPRI,https://companiesmarketcap.com/capri-holdings/marketcap/
CAH,https://companiesmarketcap.com/cardinal-health/marketcap/
KMX,https://companiesmarketcap.com/carmax/marketcap/
CCL,https://companiesmarketcap.com/carnival-cruise-line/marketcap/
CARR,https://companiesmarketcap.com/carrier/marketcap/
CTLT,https://companiesmarketcap.com/catalent/marketcap/
CAT,https://companiesmarketcap.com/caterpillar/marketcap/
CBOE,https://companiesmarketcap.com/cboe/marketcap/
CBRE,https://companiesmarketcap.com/cbre-group/marketcap/
CDW,https://companiesmarketcap.com/cdw-corporation/marketcap/
CE,https://companiesmarketcap.com/celanese/marketcap/
CNC,https://companiesmarketcap.com/centene/marketcap/
CNP,https://companiesmarketcap.com/centerpoint-energy/marketcap/
CDAY,https://companiesmarketcap.com/ceridian/marketcap/
CERN,https://companiesmarketcap.com/cerner/marketcap/
CF,https://companiesmarketcap.com/cf-industries/marketcap/
CRL,https://companiesmarketcap.com/charles-river-laboratories/marketcap/
SCHW,https://companiesmarketcap.com/charles-schwab/marketcap/
CHTR,https://companiesmarketcap.com/charter-communications/marketcap/
CVX,https://companiesmarketcap.com/chevron/marketcap/
CMG,https://companiesmarketcap.com/chipotle-mexican-grill/marketcap/
CHRW,https://companiesmarketcap.com/ch-robinson/marketcap/
CB,https://companiesmarketcap.com/chubb/marketcap/
CHD,https://companiesmarketcap.com/church-and-dwight/marketcap/
CI,https://companiesmarketcap.com/cigna/marketcap/
XEC,https://companiesmarketcap.com/cimarex-energy/marketcap/
CINF,https://companiesmarketcap.com/cincinnati-financial/marketcap/
CTAS,https://companiesmarketcap.com/cintas/marketcap/
CSCO,https://companiesmarketcap.com/cisco/marketcap/
C,https://companiesmarketcap.com/citigroup/marketcap/
CFG,https://companiesmarketcap.com/citizens-financial-group/marketcap/
CTXS,https://companiesmarketcap.com/citrix-systems/marketcap/
CLX,https://companiesmarketcap.com/clorox/marketcap/
CME,https://companiesmarketcap.com/cme-group/marketcap/
CMS,https://companiesmarketcap.com/cms-energy/marketcap/
KO,https://companiesmarketcap.com/coca-cola/marketcap/
CTSH,https://companiesmarketcap.com/cognizant-technology-solutions/marketcap/
CL,https://companiesmarketcap.com/colgate-palmolive/marketcap/
CMCSA,https://companiesmarketcap.com/comcast/marketcap/
CMA,https://companiesmarketcap.com/comerica/marketcap/
CAG,https://companiesmarketcap.com/conagra-brands/marketcap/
CXO,https://companiesmarketcap.com/concho-resources/marketcap/
COP,https://companiesmarketcap.com/conocophillips/marketcap/
ED,https://companiesmarketcap.com/consolidated-edison/marketcap/
STZ,https://companiesmarketcap.com/constellation-brands/marketcap/
CEG,https://companiesmarketcap.com/constellation-energy/marketcap/
COO,https://companiesmarketcap.com/cooper-companies/marketcap/
CPRT,https://companiesmarketcap.com/copart/marketcap/
GLW,https://companiesmarketcap.com/corning/marketcap/
CTVA,https://companiesmarketcap.com/corteva/marketcap/
CSGP,https://companiesmarketcap.com/costar-group/marketcap/
COST,https://companiesmarketcap.com/costco/marketcap/
CTRA,https://companiesmarketcap.com/coterra-energy/marketcap/
COTY,https://companiesmarketcap.com/coty/marketcap/
CCI,https://companiesmarketcap.com/crown-castle/marketcap/
CSX,https://companiesmarketcap.com/csx-corporation/marketcap/
CMI,https://companiesmarketcap.com/cummins/marketcap/
CVS,https://companiesmarketcap.com/cvs-health/marketcap/
DHR,https://companiesmarketcap.com/danaher/marketcap/
DRI,https://companiesmarketcap.com/darden-restaurants/marketcap/
DVA,https://companiesmarketcap.com/davita/marketcap/
DE,https://companiesmarketcap.com/deere-company/marketcap/
DAL,https://companiesmarketcap.com/delta-air-lines/marketcap/
XRAY,https://companiesmarketcap.com/dentsply-sirona/marketcap/
DVN,https://companiesmarketcap.com/devon-energy/marketcap/
DXCM,https://companiesmarketcap.com/dexcom/marketcap/
FANG,https://companiesmarketcap.com/diamondback-energy/marketcap/
DLR,https://companiesmarketcap.com/digital-realty/marketcap/
DFS,https://companiesmarketcap.com/discover-financial-services/marketcap/
DISH,https://companiesmarketcap.com/dish-network/marketcap/
DG,https://companiesmarketcap.com/dollar-general/marketcap/
DLTR,https://companiesmarketcap.com/dollar-tree/marketcap/
D,https://companiesmarketcap.com/dominion-energy/marketcap/
DPZ,https://companiesmarketcap.com/dominos-pizza/marketcap/
DOV,https://companiesmarketcap.com/dover/marketcap/
DOW,https://companiesmarketcap.com/dow/marketcap/
DHI,https://companiesmarketcap.com/dr-horton/marketcap/
DTE,https://companiesmarketcap.com/dte-energy/marketcap/
DUK,https://companiesmarketcap.com/duke-energy/marketcap/
DRE,https://companiesmarketcap.com/duke-realty/marketcap/
DD,https://companiesmarketcap.com/dupont-de-nemours/marketcap/
DXC,https://companiesmarketcap.com/dxc-technology/marketcap/
EMN,https://companiesmarketcap.com/eastman-chemical/marketcap/
ETN,https://companiesmarketcap.com/eaton/marketcap/
EBAY,https://companiesmarketcap.com/ebay/marketcap/
ECL,https://companiesmarketcap.com/ecolab/marketcap/
EIX,https://companiesmarketcap.com/edison-international/marketcap/
EW,https://companiesmarketcap.com/edwards-lifesciences/marketcap/
EA,https://companiesmarketcap.com/electronic-arts/marketcap/
ELV,https://companiesmarketcap.com/elevance-health/marketcap/
LLY,https://companiesmarketcap.com/eli-lilly/marketcap/
EMR,https://companiesmarketcap.com/emerson/marketcap/
ENPH,https://companiesmarketcap.com/enphase-energy/marketcap/
ETR,https://companiesmarketcap.com/entergy/marketcap/
EOG,https://companiesmarketcap.com/eog-resources/marketcap/
EPAM,https://companiesmarketcap.com/epam-systems/marketcap/
EQT,https://companiesmarketcap.com/eqt-corporation/marketcap/
EFX,https://companiesmarketcap.com/equifax/marketcap/
EQIX,https://companiesmarketcap.com/equinix/marketcap/
EQR,https://companiesmarketcap.com/equity-residential/marketcap/
ESS,https://companiesmarketcap.com/essex-property-trust/marketcap/
EL,https://companiesmarketcap.com/estee-lauder/marketcap/
ETFC,https://companiesmarketcap.com/e-trade/marketcap/
ETSY,https://companiesmarketcap.com/etsy/marketcap/
EG,https://companiesmarketcap.com/everest-re/marketcap/
EVRG,https://companiesmarketcap.com/evergy/marketcap/
ES,https://companiesmarketcap.com/eversource-energy/marketcap/
EXC,https://companiesmarketcap.com/exelon-corporation/marketcap/
EXPE,https://companiesmarketcap.com/expedia/marketcap/
EXPD,https://companiesmarketcap.com/expeditors/marketcap/
EXR,https://companiesmarketcap.com/extra-space-storage/marketcap/
XOM,https://companiesmarketcap.com/exxon-mobil/marketcap/
FFIV,https://companiesmarketcap.com/f5-networks/marketcap/
FDS,https://companiesmarketcap.com/factset/marketcap/
FAST,https://companiesmarketcap.com/fastenal/marketcap/
FRT,https://companiesmarketcap.com/federal-realty-investment-trust/marketcap/
FDX,https://companiesmarketcap.com/fedex/marketcap/
FIS,https://companiesmarketcap.com/fidelity-national-information-services/marketcap/
FITB,https://companiesmarketcap.com/fifth-third-bank/marketcap/
FE,https://companiesmarketcap.com/firstenergy/marketcap/
FRC,https://companiesmarketcap.com/first-republic-bank/marketcap/
FSLR,https://companiesmarketcap.com/first-solar/marketcap/
FI,https://companiesmarketcap.com/fiserv/marketcap/
FLT,https://companiesmarketcap.com/fleetcor/marketcap/
FLIR,https://companiesmarketcap.com/flir-systems/marketcap/
FLS,https://companiesmarketcap.com/flowserve/marketcap/
FMC,https://companiesmarketcap.com/fmc/marketcap/
F,https://companiesmarketcap.com/ford/marketcap/
FTNT,https://companiesmarketcap.com/fortinet/marketcap/
FTV,https://companiesmarketcap.com/fortive/marketcap/
FOX,https://companiesmarketcap.com/fox-corporation/marketcap/
BEN,https://companiesmarketcap.com/franklin-resources/marketcap/
FCX,https://companiesmarketcap.com/freeport-mcmoran/marketcap/
GPS,https://companiesmarketcap.com/gap-inc/marketcap/
GRMN,https://companiesmarketcap.com/garmin/marketcap/
IT,https://companiesmarketcap.com/gartner/marketcap/
GEN,https://companiesmarketcap.com/gen-digital/marketcap/
GNRC,https://companiesmarketcap.com/generac-power-systems/marketcap/
GD,https://companiesmarketcap.com/general-dynamics/marketcap/
GE,https://companiesmarketcap.com/general-electric/marketcap/
GIS,https://companiesmarketcap.com/general-mills/marketcap/
GM,https://companiesmarketcap.com/general-motors/marketcap/
GPC,https://companiesmarketcap.com/genuine-parts-company/marketcap/
GILD,https://companiesmarketcap.com/gilead-sciences/marketcap/
GPN,https://companiesmarketcap.com/global-payments/marketcap/
GL,https://companiesmarketcap.com/globe-life/marketcap/
GS,https://companiesmarketcap.com/goldman-sachs/marketcap/
HAL,https://companiesmarketcap.com/halliburton/marketcap/
HBI,https://companiesmarketcap.com/hanesbrands/marketcap/
HOG,https://companiesmarketcap.com/harley-davidson/marketcap/
HAS,https://companiesmarketcap.com/hasbro/marketcap/
HCA,https://companiesmarketcap.com/hca-healthcare/marketcap/
PEAK,https://companiesmarketcap.com/healthpeak-properties/marketcap/
HP,https://companiesmarketcap.com/helmerich-payne/marketcap/
HSIC,https://companiesmarketcap.com/henry-schein/marketcap/
HSY,https://companiesmarketcap.com/hershey-company/marketcap/
HES,https://companiesmarketcap.com/hess/marketcap/
HPE,https://companiesmarketcap.com/hewlett-packard-enterprise/marketcap/
HLT,https://companiesmarketcap.com/hilton-hotels/marketcap/
HFC,https://companiesmarketcap.com/hollyfrontier/marketcap/
HOLX,https://companiesmarketcap.com/hologic/marketcap/
HD,https://companiesmarketcap.com/home-depot/marketcap/
HON,https://companiesmarketcap.com/honeywell/marketcap/
HRL,https://companiesmarketcap.com/hormel-foods/marketcap/
HST,https://companiesmarketcap.com/host-hotels-and-resorts/marketcap/
HWM,https://companiesmarketcap.com/howmet-aerospace/marketcap/
HPQ,https://companiesmarketcap.com/hp/marketcap/
HRB,https://companiesmarketcap.com/hr-block/marketcap/
HUM,https://companiesmarketcap.com/humana/marketcap/
HBAN,https://companiesmarketcap.com/huntington-bancshares/marketcap/
HII,https://companiesmarketcap.com/huntington-ingalls-industries/marketcap/
IBM,https://companiesmarketcap.com/ibm/marketcap/
IEX,https://companiesmarketcap.com/idex/marketcap/
IDXX,https://companiesmarketcap.com/idexx-laboratories/marketcap/
IFF,https://companiesmarketcap.com/iff/marketcap/
INFO,https://companiesmarketcap.com/ihs-markit/marketcap/
ITW,https://companiesmarketcap.com/illinois-tool-works/marketcap/
ILMN,https://companiesmarketcap.com/illumina/marketcap/
INCY,https://companiesmarketcap.com/incyte/marketcap/
IR,https://companiesmarketcap.com/ingersoll-rand/marketcap/
INTC,https://companiesmarketcap.com/intel/marketcap/
ICE,https://companiesmarketcap.com/intercontinental-exchange/marketcap/
IP,https://companiesmarketcap.com/international-paper/marketcap/
INTU,https://companiesmarketcap.com/intuit/marketcap/
ISRG,https://companiesmarketcap.com/intuitive-surgical/marketcap/
IVZ,https://companiesmarketcap.com/invesco/marketcap/
INVH,https://companiesmarketcap.com/invitation-homes/marketcap/
IPG,https://companiesmarketcap.com/ipg/marketcap/
IPGP,https://companiesmarketcap.com/ipg-photonics/marketcap/
IQV,https://companiesmarketcap.com/iqvia/marketcap/
IRM,https://companiesmarketcap.com/iron-mountain/marketcap/
JKHY,https://companiesmarketcap.com/jack-henry-amd-associates/marketcap/
J,https://companiesmarketcap.com/jacobs-engineering/marketcap/
JBHT,https://companiesmarketcap.com/jb-hunt/marketcap/
SJM,https://companiesmarketcap.com/jm-smucker/marketcap/
JNJ,https://companiesmarketcap.com/johnson-and-johnson/marketcap/
JCI,https://companiesmarketcap.com/johnson-controls/marketcap/
JPM,https://companiesmarketcap.com/jp-morgan-chase/marketcap/
JNPR,https://companiesmarketcap.com/juniper-networks/marketcap/
KSU,https://companiesmarketcap.com/kansas-city-southern/marketcap/
K,https://companiesmarketcap.com/kellogg-company/marketcap/
KDP,https://companiesmarketcap.com/keurig-dr-pepper/marketcap/
KEY,https://companiesmarketcap.com/keycorp/marketcap/
KEYS,https://companiesmarketcap.com/keysight/marketcap/
KMB,https://companiesmarketcap.com/kimberly-clark/marketcap/
KIM,https://companiesmarketcap.com/kimco-realty/marketcap/
KMI,https://companiesmarketcap.com/kinder-morgan/marketcap/
KLAC,https://companiesmarketcap.com/kla/marketcap/
KSS,https://companiesmarketcap.com/kohls/marketcap/
KHC,https://companiesmarketcap.com/kraft-heinz/marketcap/
KR,https://companiesmarketcap.com/kroger/marketcap/
LHX,https://companiesmarketcap.com/l3harris-technologies/marketcap/
LH,https://companiesmarketcap.com/labcorp/marketcap/
LW,https://companiesmarketcap.com/lamb-weston/marketcap/
LRCX,https://companiesmarketcap.com/lam-research/marketcap/
LVS,https://companiesmarketcap.com/las-vegas-sands/marketcap/
LEG,https://companiesmarketcap.com/leggett-and-platt/marketcap/
LDOS,https://companiesmarketcap.com/leidos/marketcap/
LEN,https://companiesmarketcap.com/lennar/marketcap/
LNC,https://companiesmarketcap.com/lincoln-national-corporation/marketcap/
LIN,https://companiesmarketcap.com/linde/marketcap/
LYV,https://companiesmarketcap.com/live-nation/marketcap/
LKQ,https://companiesmarketcap.com/lkq-corporation/marketcap/
LMT,https://companiesmarketcap.com/lockheed-martin/marketcap/
L,https://companiesmarketcap.com/loews-corporation/marketcap/
LOW,https://companiesmarketcap.com/lowes-companies/marketcap/
LUMN,https://companiesmarketcap.com/lumen/marketcap/
LYB,https://companiesmarketcap.com/lyondellbasell/marketcap/
M,https://companiesmarketcap.com/macys/marketcap/
MRO,https://companiesmarketcap.com/marathon-oil/marketcap/
MPC,https://companiesmarketcap.com/marathon-petroleum/marketcap/
MKTX,https://companiesmarketcap.com/marketaxess/marketcap/
MAR,https://companiesmarketcap.com/marriott-international/marketcap/
MMC,https://companiesmarketcap.com/marsh-and-mclennan-companies/marketcap/
MLM,https://companiesmarketcap.com/martin-marietta/marketcap/
MAS,https://companiesmarketcap.com/masco/marketcap/
MA,https://companiesmarketcap.com/mastercard/marketcap/
MTCH,https://companiesmarketcap.com/match-group/marketcap/
MXIM,https://companiesmarketcap.com/maxim-integrated/marketcap/
MKC,https://companiesmarketcap.com/mc-cormick/marketcap/
MCD,https://companiesmarketcap.com/mcdonald/marketcap/
MCK,https://companiesmarketcap.com/mckesson/marketcap/
MDT,https://companiesmarketcap.com/medtronic/marketcap/
MRK,https://companiesmarketcap.com/merck/marketcap/
META,https://companiesmarketcap.com/meta-platforms/marketcap/
MET,https://companiesmarketcap.com/metlife/marketcap/
MTD,https://companiesmarketcap.com/mettler-toledo/marketcap/
MGM,https://companiesmarketcap.com/mgm-resorts/marketcap/
MCHP,https://companiesmarketcap.com/microchip-technology/marketcap/
MU,https://companiesmarketcap.com/micron-technology/marketcap/
MSFT,https://companiesmarketcap.com/microsoft/marketcap/
MAA,https://companiesmarketcap.com/mid-america-apartment-communities/marketcap/
MRNA,https://companiesmarketcap.com/moderna/marketcap/
MHK,https://companiesmarketcap.com/mohawk-industries/marketcap/
MOH,https://companiesmarketcap.com/molina-healthcare/marketcap/
TAP,https://companiesmarketcap.com/molson-coors/marketcap/
MDLZ,https://companiesmarketcap.com/mondelez/marketcap/
MPWR,https://companiesmarketcap.com/monolithic-power-systems/marketcap/
MNST,https://companiesmarketcap.com/monster-beverage/marketcap/
MCO,https://companiesmarketcap.com/moodys/marketcap/
MS,https://companiesmarketcap.com/morgan-stanley/marketcap/
MSI,https://companiesmarketcap.com/motorola-solutions/marketcap/
MSCI,https://companiesmarketcap.com/msci/marketcap/
MTB,https://companiesmarketcap.com/mt-bank/marketcap/
NDAQ,https://companiesmarketcap.com/nasdaq/marketcap/
NOV,https://companiesmarketcap.com/national-oilwell-varco/marketcap/
NTAP,https://companiesmarketcap.com/netapp/marketcap/
NFLX,https://companiesmarketcap.com/netflix/marketcap/
NWL,https://companiesmarketcap.com/newell-brands/marketcap/
NEM,https://companiesmarketcap.com/newmont/marketcap/
NWS,https://companiesmarketcap.com/news-corp/marketcap/
NEE,https://companiesmarketcap.com/nextera-energy/marketcap/
NLSN,https://companiesmarketcap.com/nielsen/marketcap/
NKE,https://companiesmarketcap.com/nike/marketcap/
NI,https://companiesmarketcap.com/nisource/marketcap/
NBL,https://companiesmarketcap.com/noble-energy/marketcap/
NDSN,https://companiesmarketcap.com/nordson/marketcap/
JWN,https://companiesmarketcap.com/nordstrom/marketcap/
NSC,https://companiesmarketcap.com/norfolk-southern/marketcap/
NTRS,https://companiesmarketcap.com/northern-trust/marketcap/
NOC,https://companiesmarketcap.com/northrop-grumman/marketcap/
NCLH,https://companiesmarketcap.com/norwegian-cruise-line/marketcap/
NRG,https://companiesmarketcap.com/nrg-energy/marketcap/
NUE,https://companiesmarketcap.com/nucor/marketcap/
NVDA,https://companiesmarketcap.com/nvidia/marketcap/
NVR,https://companiesmarketcap.com/nvr/marketcap/
NXPI,https://companiesmarketcap.com/nxp-semiconductors/marketcap/
OXY,https://companiesmarketcap.com/occidental-petroleum/marketcap/
ODFL,https://companiesmarketcap.com/old-dominion-freight-line/marketcap/
OMC,https://companiesmarketcap.com/omnicom/marketcap/
OKE,https://companiesmarketcap.com/oneok/marketcap/
ON,https://companiesmarketcap.com/on-semiconductor/marketcap/
ORCL,https://companiesmarketcap.com/oracle/marketcap/
ORLY,https://companiesmarketcap.com/o-reilly-automotive/marketcap/
OGN,https://companiesmarketcap.com/organon/marketcap/
OTIS,https://companiesmarketcap.com/otis-worldwide/marketcap/
PCAR,https://companiesmarketcap.com/paccar/marketcap/
PCG,https://companiesmarketcap.com/pacific-gas-and-electric/marketcap/
PKG,https://companiesmarketcap.com/packaging-corporation-of-america/marketcap/
PARA,https://companiesmarketcap.com/paramount/marketcap/
PH,https://companiesmarketcap.com/parker-hannifin/marketcap/
PAYX,https://companiesmarketcap.com/paychex/marketcap/
PAYC,https://companiesmarketcap.com/paycom/marketcap/
PYPL,https://companiesmarketcap.com/paypal/marketcap/
PENN,https://companiesmarketcap.com/penn-national-gaming/marketcap/
PNR,https://companiesmarketcap.com/pentair/marketcap/
PBCT,https://companiesmarketcap.com/peoples-united-bank/marketcap/
PEP,https://companiesmarketcap.com/pepsico/marketcap/
PRGO,https://companiesmarketcap.com/perrigo/marketcap/
PFE,https://companiesmarketcap.com/pfizer/marketcap/
PM,https://companiesmarketcap.com/philip-morris/marketcap/
PSX,https://companiesmarketcap.com/phillips-66/marketcap/
PVH,https://companiesmarketcap.com/phillips-van-heusen/marketcap/
PNW,https://companiesmarketcap.com/pinnacle-west-capital/marketcap/
PXD,https://companiesmarketcap.com/pioneer-natural-resources/marketcap/
PNC,https://companiesmarketcap.com/pnc-financial-services/marketcap/
POOL,https://companiesmarketcap.com/poolcorp/marketcap/
PPG,https://companiesmarketcap.com/ppg-industries/marketcap/
PPL,https://companiesmarketcap.com/ppl/marketcap/
PFG,https://companiesmarketcap.com/principal/marketcap/
PG,https://companiesmarketcap.com/procter-and-gamble/marketcap/
PGR,https://companiesmarketcap.com/progressive/marketcap/
PLD,https://companiesmarketcap.com/prologis/marketcap/
PRU,https://companiesmarketcap.com/prudential-financial/marketcap/
PEG,https://companiesmarketcap.com/pseg/marketcap/
PTC,https://companiesmarketcap.com/ptc/marketcap/
PSA,https://companiesmarketcap.com/public-storage/marketcap/
PHM,https://companiesmarketcap.com/pultegroup/marketcap/
QRVO,https://companiesmarketcap.com/qorvo/marketcap/
QCOM,https://companiesmarketcap.com/qualcomm/marketcap/
PWR,https://companiesmarketcap.com/quanta-services/marketcap/
DGX,https://companiesmarketcap.com/quest-diagnostics/marketcap/
RL,https://companiesmarketcap.com/ralph-lauren/marketcap/
RJF,https://companiesmarketcap.com/raymond-james/marketcap/
RTN,https://companiesmarketcap.com/raytheon/marketcap/
RTX,https://companiesmarketcap.com/raytheon-technologies/marketcap/
O,https://companiesmarketcap.com/realty-income/marketcap/
REG,https://companiesmarketcap.com/regency-centers/marketcap/
REGN,https://companiesmarketcap.com/regeneron-pharmaceuticals/marketcap/
RF,https://companiesmarketcap.com/regions-financial/marketcap/
RSG,https://companiesmarketcap.com/republic-services/marketcap/
RMD,https://companiesmarketcap.com/resmed/marketcap/
RVTY,https://companiesmarketcap.com/revvity/marketcap/
RHI,https://companiesmarketcap.com/robert-half/marketcap/
ROK,https://companiesmarketcap.com/rockwell-automation/marketcap/
ROL,https://companiesmarketcap.com/rollins/marketcap/
ROP,https://companiesmarketcap.com/roper-technologies/marketcap/
ROST,https://companiesmarketcap.com/ross-stores/marketcap/
RCL,https://companiesmarketcap.com/royal-caribbean/marketcap/
CRM,https://companiesmarketcap.com/salesforce/marketcap/
SBAC,https://companiesmarketcap.com/sba-communications/marketcap/
SLB,https://companiesmarketcap.com/schlumberger/marketcap/
STX,https://companiesmarketcap.com/seagate/marketcap/
SEE,https://companiesmarketcap.com/sealed-air/marketcap/
SRE,https://companiesmarketcap.com/sempra-energy/marketcap/
NOW,https://companiesmarketcap.com/servicenow/marketcap/
SHW,https://companiesmarketcap.com/sherwin-williams/marketcap/
SBNY,https://companiesmarketcap.com/signature-bank/marketcap/
SPG,https://companiesmarketcap.com/simon-property/marketcap/
SWKS,https://companiesmarketcap.com/skyworks-solutions/marketcap/
SLG,https://companiesmarketcap.com/sl-green-realty/marketcap/
SNA,https://companiesmarketcap.com/snap-on/marketcap/
SEDG,https://companiesmarketcap.com/solaredge/marketcap/
SO,https://companiesmarketcap.com/southern-company/marketcap/
LUV,https://companiesmarketcap.com/southwest-airlines/marketcap/
SPGI,https://companiesmarketcap.com/sp-global/marketcap/
SWK,https://companiesmarketcap.com/stanley-black-and-decker/marketcap/
SBUX,https://companiesmarketcap.com/starbucks/marketcap/
STT,https://companiesmarketcap.com/state-street-corporation/marketcap/
STLD,https://companiesmarketcap.com/steel-dynamics/marketcap/
STE,https://companiesmarketcap.com/steris/marketcap/
SYK,https://companiesmarketcap.com/stryker-corporation/marketcap/
SIVB,https://companiesmarketcap.com/svb-financial/marketcap/
SYF,https://companiesmarketcap.com/synchrony/marketcap/
SNPS,https://companiesmarketcap.com/synopsys/marketcap/
SYY,https://companiesmarketcap.com/sysco/marketcap/
TTWO,https://companiesmarketcap.com/take-2-interactive/marketcap/
TPR,https://companiesmarketcap.com/tapestry/marketcap/
TRGP,https://companiesmarketcap.com/targa-resources/marketcap/
TGT,https://companiesmarketcap.com/target/marketcap/
FTI,https://companiesmarketcap.com/technipfmc/marketcap/
TEL,https://companiesmarketcap.com/te-connectivity/marketcap/
TDY,https://companiesmarketcap.com/teledyne/marketcap/
TFX,https://companiesmarketcap.com/teleflex/marketcap/
TER,https://companiesmarketcap.com/teradyne/marketcap/
TSLA,https://companiesmarketcap.com/tesla/marketcap/
TXN,https://companiesmarketcap.com/texas-instruments/marketcap/
TXT,https://companiesmarketcap.com/textron/marketcap/
HIG,https://companiesmarketcap.com/the-hartford/marketcap/
MOS,https://companiesmarketcap.com/the-mosaic-company/marketcap/
TMO,https://companiesmarketcap.com/thermo-fisher-scientific/marketcap/
TRV,https://companiesmarketcap.com/the-travelers-companies/marketcap/
TIF,https://companiesmarketcap.com/tiffany-and-co/marketcap/
TJX,https://companiesmarketcap.com/tjx-companies/marketcap/
TMUS,https://companiesmarketcap.com/t-mobile-us/marketcap/
TSCO,https://companiesmarketcap.com/tractor-supply/marketcap/
TT,https://companiesmarketcap.com/trane-technologies/marketcap/
TDG,https://companiesmarketcap.com/transdigm/marketcap/
TRMB,https://companiesmarketcap.com/trimble/marketcap/
TROW,https://companiesmarketcap.com/t-rowe-price/marketcap/
TFC,https://companiesmarketcap.com/truist-financial/marketcap/
TWTR,https://companiesmarketcap.com/twitter/marketcap/
TYL,https://companiesmarketcap.com/tyler-technologies/marketcap/
TSN,https://companiesmarketcap.com/tyson-foods/marketcap/
UDR,https://companiesmarketcap.com/udr-apartments/marketcap/
ULTA,https://companiesmarketcap.com/ulta-beauty/marketcap/
UA,https://companiesmarketcap.com/under-armour/marketcap/
UNP,https://companiesmarketcap.com/union-pacific-corporation/marketcap/
UAL,https://companiesmarketcap.com/united-airlines/marketcap/
UNH,https://companiesmarketcap.com/united-health/marketcap/
URI,https://companiesmarketcap.com/united-rentals/marketcap/
UHS,https://companiesmarketcap.com/universal-health-services/marketcap/
UNM,https://companiesmarketcap.com/unum/marketcap/
UPS,https://companiesmarketcap.com/ups/marketcap/
USB,https://companiesmarketcap.com/us-bancorp/marketcap/
VLO,https://companiesmarketcap.com/valero/marketcap/
VAR,https://companiesmarketcap.com/varian-medical-systems/marketcap/
VTR,https://companiesmarketcap.com/ventas/marketcap/
VRSN,https://companiesmarketcap.com/verisign/marketcap/
VRSK,https://companiesmarketcap.com/verisk-analytics/marketcap/
VZ,https://companiesmarketcap.com/verizon/marketcap/
VRTX,https://companiesmarketcap.com/vertex-pharmaceuticals/marketcap/
VFC,https://companiesmarketcap.com/vf-corp/marketcap/
VTRS,https://companiesmarketcap.com/viatris/marketcap/
VICI,https://companiesmarketcap.com/vici-properties/marketcap/
V,https://companiesmarketcap.com/visa/marketcap/
VNT,https://companiesmarketcap.com/vontier/marketcap/
VNO,https://companiesmarketcap.com/vornado-realty-trust/marketcap/
VMC,https://companiesmarketcap.com/vulcan-materials/marketcap/
WAB,https://companiesmarketcap.com/wabtec/marketcap/
WBA,https://companiesmarketcap.com/walgreens-boots-alliance/marketcap/
WMT,https://companiesmarketcap.com/walmart/marketcap/
DIS,https://companiesmarketcap.com/walt-disney/marketcap/
WBD,https://companiesmarketcap.com/warner-bros-discovery/marketcap/
WM,https://companiesmarketcap.com/waste-management/marketcap/
WAT,https://companiesmarketcap.com/waters-corporation/marketcap/
WEC,https://companiesmarketcap.com/wec-energy/marketcap/
WFC,https://companiesmarketcap.com/wells-fargo/marketcap/
WELL,https://companiesmarketcap.com/welltower/marketcap/
WDC,https://companiesmarketcap.com/western-digital/marketcap/
WU,https://companiesmarketcap.com/western-union/marketcap/
WST,https://companiesmarketcap.com/west-pharma/marketcap/
WRK,https://companiesmarketcap.com/westrock/marketcap/
WY,https://companiesmarketcap.com/weyerhaeuser/marketcap/
WHR,https://companiesmarketcap.com/whirlpool/marketcap/
WMB,https://companiesmarketcap.com/williams-companies/marketcap/
WTW,https://companiesmarketcap.com/willis-wowers-watson/marketcap/
WRB,https://companiesmarketcap.com/wr-berkley/marketcap/
GWW,https://companiesmarketcap.com/ww-grainger/marketcap/
WYNN,https://companiesmarketcap.com/wynn-resorts/marketcap/
XEL,https://companiesmarketcap.com/xcel-energy/marketcap/
XRX,https://companiesmarketcap.com/xerox/marketcap/
XLNX,https://companiesmarketcap.com/xilinx/marketcap/
XYL,https://companiesmarketcap.com/xylem/marketcap/
YUM,https://companiesmarketcap.com/yum/marketcap/
ZBRA,https://companiesmarketcap.com/zebra-technologies/marketcap/
ZBH,https://companiesmarketcap.com/zimmer-biomet/marketcap/
ZION,https://companiesmarketcap.com/zions/marketcap/
ZTS,https://companiesmarketcap.com/zoetis/marketcap/
